{
  "hash": "77e5f85d",
  "configHash": "2d1256b5",
  "lockfileHash": "0e122c1c",
  "browserHash": "5ad101c7",
  "optimized": {
    "@angular/common": {
      "src": "../../../../../node_modules/@angular/common/fesm2022/common.mjs",
      "file": "@angular_common.js",
      "fileHash": "265e05ca",
      "needsInterop": false
    },
    "@angular/common/http": {
      "src": "../../../../../node_modules/@angular/common/fesm2022/http.mjs",
      "file": "@angular_common_http.js",
      "fileHash": "84168679",
      "needsInterop": false
    },
    "@angular/core": {
      "src": "../../../../../node_modules/@angular/core/fesm2022/core.mjs",
      "file": "@angular_core.js",
      "fileHash": "11f98654",
      "needsInterop": false
    },
    "@angular/forms": {
      "src": "../../../../../node_modules/@angular/forms/fesm2022/forms.mjs",
      "file": "@angular_forms.js",
      "fileHash": "2947b012",
      "needsInterop": false
    },
    "@angular/platform-browser": {
      "src": "../../../../../node_modules/@angular/platform-browser/fesm2022/platform-browser.mjs",
      "file": "@angular_platform-browser.js",
      "fileHash": "1ce81b5e",
      "needsInterop": false
    },
    "@angular/router": {
      "src": "../../../../../node_modules/@angular/router/fesm2022/router.mjs",
      "file": "@angular_router.js",
      "fileHash": "da13736f",
      "needsInterop": false
    }
  },
  "chunks": {
    "chunk-5JF5IDXD": {
      "file": "chunk-5JF5IDXD.js"
    },
    "chunk-ZWPDDIM2": {
      "file": "chunk-ZWPDDIM2.js"
    },
    "chunk-V4LNXL5F": {
      "file": "chunk-V4LNXL5F.js"
    },
    "chunk-3V2WW6I2": {
      "file": "chunk-3V2WW6I2.js"
    }
  }
}